name,median_earn,rnk
Alabama A & M University,40628,1648
University of Alabama at Birmingham,54501,832
Amridge University,37621,1803
University of Alabama in Huntsville,61767,482
Alabama State University,34502,1916
The University of Alabama,59221,585
Auburn University at Montgomery,44391,1432
Auburn University,65337,352
South University-Montgomery,34421,1919
Faulkner University,43457,1476
Herzing University-Birmingham,36909,1831
Huntingdon College,49601,1106
Heritage Christian University,42597,1533
Jacksonville State University,45235,1388
University of West Alabama,44232,1445
Miles College,32627,1956
University of Mobile,43611,1464
University of Montevallo,42957,1516
University of North Alabama,45415,1365
Oakwood University,42488,1539
Samford University,58469,617
University of South Alabama,49379,1121
Spring Hill College,51500,1022
Stillman College,35421,1889
Talladega College,32229,1968
Troy University,42062,1565
Tuskegee University,49641,1102
University of Alaska Anchorage,51871,987
University of Alaska Fairbanks,48866,1153
University of Alaska Southeast,48475,1172
Alaska Pacific University,54271,850
Charter College,35504,1886
Brookline College-Phoenix,29576,2013
Arizona State University Campus Immersion,62668,445
University of Arizona,59979,551
Cochise County Community College District,38033,1788
Eastern Arizona College,38018,1789
Embry-Riddle Aeronautical University-Prescott,84131,98
Glendale Community College,43108,1508
Grand Canyon University,42186,1561
GateWay Community College,46147,1313
Mesa Community College,44034,1455
Dine College,29188,2020
Northern Arizona University,54384,839
Northland Pioneer College,34199,1932
Phoenix College,40870,1626
Pima Medical Institute-Tucson,38673,1751
Prescott College,42359,1549
Rio Salado College,41015,1618
Scottsdale Community College,47905,1208
South Mountain Community College,39825,1695
Arizona Christian University,51612,1011
Yavapai College,39890,1691
University of Arkansas at Little Rock,45265,1386
Arkansas Baptist College,28418,2028
Lyon College,44232,1445
University of Arkansas,58191,635
University of Arkansas at Pine Bluff,35550,1884
Arkansas State University,42617,1532
Arkansas Tech University,41766,1582
University of Arkansas at Monticello,36902,1840
University of Central Arkansas,45938,1335
Central Baptist College,46789,1276
Crowley's Ridge College,39533,1710
Harding University,52876,930
Henderson State University,43459,1475
Hendrix College,60376,535
John Brown University,53907,868
Ouachita Baptist University,51673,1005
University of the Ozarks,44384,1433
Philander Smith University,38427,1761
Williams Baptist University,38484,1758
Southern Arkansas University Main Campus,42386,1545
University of Arkansas-Fort Smith,41102,1615
Academy of Art University,39008,1737
Antelope Valley Community College District,36526,1854
Art Center College of Design,71958,226
Azusa Pacific University,66677,321
Bakersfield College,37291,1817
Biola University,56778,709
Bryan University,40283,1662
California Baptist University,61504,489
California College of the Arts,49414,1120
California Institute of Technology,128566,6
California Lutheran University,68712,284
California Polytechnic State University-San Luis Obispo,90768,68
California State University-Bakersfield,59009,595
California State University-Stanislaus,63188,428
California State University-San Bernardino,59977,552
California State Polytechnic University-Pomona,71902,228
California State University-Chico,64172,377
California State University-Dominguez Hills,57162,683
California State University-Fresno,61244,507
California State University-Fullerton,62951,435
California State University-East Bay,71401,238
California State University-Long Beach,64403,369
California State University-Los Angeles,59211,587
California State University-Northridge,59115,590
California State University-Sacramento,64876,360
University of California-Berkeley,92446,50
University of California-Davis,80838,123
University of California-Irvine,80735,124
University of California-Los Angeles,82511,116
University of California-Riverside,67699,301
University of California-San Diego,84943,93
University of California-Santa Barbara,74915,186
University of California-Santa Cruz,68396,288
California Institute of the Arts,41198,1607
Cal Poly Maritime Academy,94784,43
Casa Loma College-Los Angeles,49854,1087
Chapman University,70070,256
Charles R Drew University of Medicine and Science,83438,104
Concordia University-Irvine,65083,355
San Diego Christian College,49766,1093
Claremont McKenna College,104736,18
University of Silicon Valley,51017,1037
California College of ASU,42014,1568
Crafton Hills College,42553,1535
Cypress College,43533,1469
Design Institute of San Diego,46920,1269
Dominican University of California,84713,95
Feather River Community College District,38142,1781
Foothill College,57072,690
Fresno City College,37361,1815
Fresno Pacific University,58896,598
Glendale Career College,41472,1597
Harvey Mudd College,138687,2
California State Polytechnic University-Humboldt,47626,1226
Humphreys University,39248,1722
American Jewish University,61954,474
Life Pacific University,43299,1490
University of La Verne,65464,349
Laguna College of Art and Design,47867,1214
Lincoln University,53695,886
Southern California Seminary,39607,1704
La Sierra University,61824,479
Southern California University of Health Sciences,70649,248
Los Angeles Valley College,42678,1527
The Master's University and Seminary,57106,686
Los Angeles Mission College,39834,1694
Loyola Marymount University,78349,146
Menlo College,76419,164
MiraCosta College,43845,1461
Modesto Junior College,42368,1547
Moorpark College,49044,1141
Mount Saint Mary's University,72379,218
Musicians Institute,32778,1952
National University,67548,304
Newschool of Architecture and Design,68891,277
Notre Dame de Namur University,74576,190
Occidental College,75951,172
Otis College of Art and Design,58152,638
Hope International University,49697,1098
Pacific Union College,70484,250
University of the Pacific,78445,143
Pepperdine University,82939,108
Pitzer College,69512,267
Point Loma Nazarene University,63998,382
Pomona College,77779,152
Santa Ana College,43552,1467
University of Redlands,72690,215
Rio Hondo College,44950,1404
San Diego Mesa College,45120,1391
San Diego State University,64909,359
University of San Diego,86522,87
San Francisco State University,68077,293
University of San Francisco,89812,73
San Joaquin Valley College-Visalia,38317,1768
William Jessup University,56257,732
San Jose State University,78988,136
Santa Clara University,109183,15
Santa Monica College,42193,1558
Scripps College,77539,155
Shasta Bible College and Graduate School,28891,2023
Shasta College,39269,1718
Simpson University,54340,841
Skyline College,55702,762
Saint Mary's College of California,78812,138
Solano Community College,44170,1449
Sonoma State University,65986,337
Vanguard University of Southern California,59541,568
Southern California Institute of Architecture,71909,227
University of Southern California,92498,49
Taft College,38861,1744
Thomas Aquinas College,55619,767
Epic Bible College & Graduate School,37822,1799
West Los Angeles College,38537,1756
Carrington College-Sacramento,39633,1703
Westmont College,64778,364
Whittier College,59492,571
Woodbury University,65668,343
Yeshiva Ohr Elchonon Chabad West Coast Talmudical Seminary,48361,1184
Adams State University,44372,1434
Aims Community College,41887,1577
Arapahoe Community College,48341,1186
University of Colorado Denver/Anschutz Medical Campus,64270,374
University of Colorado Colorado Springs,54659,827
University of Colorado Boulder,69738,264
Colorado Christian University,50416,1062
Colorado College,65222,354
Concorde Career College-Aurora,42456,1541
Colorado Mountain College,44127,1452
Colorado Northwestern Community College,43526,1470
Colorado School of Mines,97335,38
Colorado State University-Fort Collins,60543,526
Colorado Technical University-Colorado Springs,37180,1822
Community College of Denver,39095,1727
University of Denver,71155,241
Fort Lewis College,46349,1307
Front Range Community College,45910,1337
Colorado Mesa University,45823,1345
Metropolitan State University of Denver,52093,972
Morgan Community College,39429,1714
Naropa University,28720,2025
University of Northern Colorado,52231,963
Pikes Peak State College,40796,1632
Pueblo Community College,37434,1813
Red Rocks Community College,46288,1308
Regis University,72105,223
Rocky Mountain College of Art and Design,42958,1515
Montessori Education Center of the Rockies,44643,1416
Colorado State University Pueblo,55563,768
Trinidad State College,36475,1855
Western Colorado University,46833,1272
Albertus Magnus College,60144,541
University of Bridgeport,50323,1068
Central Connecticut State University,58562,611
Charter Oak State College,64209,376
Connecticut College,75001,185
University of Connecticut,73997,197
Goodwin University,43596,1465
Eastern Connecticut State University,56469,716
Fairfield University,88794,78
University of Hartford,60823,516
Mitchell College,39115,1726
University of New Haven,60126,542
Post University,38696,1749
Quinnipiac University,83759,102
Sacred Heart University,75059,184
University of Saint Joseph,59908,554
Southern Connecticut State University,55043,800
Trinity College,90779,67
Wesleyan University,73897,203
Western Connecticut State University,59115,590
Yale University,100533,32
Delaware Technical Community College-Terry,41448,1599
Delaware State University,49307,1128
University of Delaware,72950,214
Goldey-Beacom College,59892,555
Wilmington University,53844,874
American University,77370,157
The Catholic University of America,73250,211
University of the District of Columbia,44236,1444
Gallaudet University,43101,1509
George Washington University,90873,66
Georgetown University,103494,21
Howard University,63066,432
Strayer University-District of Columbia,40092,1672
Trinity Washington University,53804,876
Baptist University of Florida,42836,1520
Barry University,55966,743
Bethune-Cookman University,38518,1757
Lynn University,49006,1143
Eastern Florida State College,37195,1821
Broward College,41939,1574
Albizu University-Miami,41544,1591
College of Central Florida,38203,1778
University of Central Florida,58308,630
Chipola College,37378,1814
Daytona State College,37096,1825
South University-West Palm Beach,34421,1919
Eckerd College,51819,992
Florida SouthWestern State College,43421,1478
Edward Waters University,34782,1908
Embry-Riddle Aeronautical University-Daytona Beach,84131,98
Florida Agricultural and Mechanical University,44349,1438
Florida Atlantic University,56746,710
Florida State College at Jacksonville,42244,1552
Flagler College,49483,1116
Florida College,43445,1477
AdventHealth University,72282,219
Florida Institute of Technology,43137,1506
Florida International University,60249,537
The College of the Florida Keys,42508,1537
Florida Memorial University,36624,1850
Florida Southern College,55294,786
Florida State University,61675,485
University of Florida,71588,233
Full Sail University,38219,1775
Gulf Coast State College,38359,1765
Hillsborough College,40782,1633
Hobe Sound Bible College,39863,1693
Indian River State College,38315,1769
Jacksonville University,68010,294
Keiser University-Ft Lauderdale,39696,1699
Florida Gateway College,37894,1793
Lake-Sumter State College,39876,1692
State College of Florida-Manatee-Sarasota,40318,1660
Miami Dade College,40654,1645
University of Miami,75328,179
North Florida College,33929,1936
University of North Florida,56343,724
Nova Southeastern University,59209,588
Northwest Florida State College,39664,1700
Palm Beach Atlantic University,49232,1131
Palm Beach State College,41923,1575
Pasco-Hernando State College,39903,1690
Pensacola State College,36739,1843
Polk State College,40624,1649
Ringling College of Art and Design,43325,1488
Rollins College,58295,631
Saint Leo University,48364,1183
St Petersburg College,42557,1534
Santa Fe College,41631,1587
Seminole State College of Florida,41733,1583
Saint Johns River State College,41728,1584
South Florida State College,39990,1689
University of South Florida,57743,657
St. Thomas University,54272,849
Stetson University,51642,1008
Southeastern University,46744,1279
Tallahassee State College,37561,1804
The University of Tampa,59436,574
Trinity College of Jacksonville,37275,1818
Trinity College of Florida,32465,1966
Valencia College,40594,1651
Warner University,46086,1319
Webber International University,45606,1353
Rasmussen University-Florida,39080,1729
University of West Florida,49137,1136
Abraham Baldwin Agricultural College,34996,1902
Agnes Scott College,56274,731
Albany State University,40674,1638
Andrew College,38475,1759
Point University,38740,1747
Atlanta Metropolitan State College,33252,1945
Clark Atlanta University,42712,1524
Berry College,53800,877
Beulah Heights University,35236,1896
Brenau University,54003,864
Brewton-Parker Christian University,42009,1569
College of Coastal Georgia,39318,1715
Clayton  State University,49179,1133
Columbus State University,44544,1421
Covenant College,50412,1064
Dalton State College,40251,1664
South University-Savannah,34421,1919
East Georgia State College,37174,1823
Emmanuel University,38208,1777
Emory University,80137,129
Georgia Highlands College,43184,1499
Fort Valley State University,36666,1845
Georgia Institute of Technology-Main Campus,102772,23
Georgia Southwestern State University,48757,1158
Georgia College & State University,58140,639
Georgia Southern University,53236,910
Georgia State University,47384,1247
University of Georgia,68726,283
Gordon State College,37871,1794
LaGrange College,51745,998
Life University,47397,1245
Herzing University-Atlanta,36909,1831
Mercer University,58354,625
Morehouse College,52889,929
Oglethorpe University,55232,788
Paine College,33338,1940
Piedmont University,49130,1138
Reinhardt University,46541,1298
Savannah College of Art and Design,45954,1334
Savannah State University,37981,1792
Shorter University,44604,1418
Spelman College,59993,546
Thomas University,49716,1095
Toccoa Falls College,36630,1849
Truett McConnell University,46700,1281
Valdosta State University,49361,1124
Wesleyan College,44317,1439
University of West Georgia,49587,1107
Young Harris College,47195,1255
Chaminade University of Honolulu,52343,956
University of Hawaii at Hilo,47856,1218
University of Hawaii at Manoa,57624,660
Hawaii Pacific University,59593,566
University of Hawaii Maui College,34453,1918
University of Hawaii-West Oahu,52075,974
Boise Bible College,33140,1947
Boise State University,51658,1006
Idaho State University,45608,1352
University of Idaho,54670,825
The College of Idaho,48473,1173
Lewis-Clark State College,46001,1320
Northwest Nazarene University,51719,1002
Brigham Young University-Idaho,53406,902
College of Southern Idaho,40916,1623
School of the Art Institute of Chicago,40151,1667
Augustana College,62971,434
Aurora University,58709,605
Blackburn College,46802,1275
Bradley University,66852,319
Chicago State University,42778,1521
University of Chicago,91885,63
Columbia College Chicago,42195,1557
Concordia University-Chicago,54089,858
DePaul University,68751,281
East-West University,29963,2007
Eastern Illinois University,51989,981
Elmhurst University,61462,494
Eureka College,51641,1009
Governors State University,58169,637
Greenville University,46827,1273
Hebrew Theological College,33291,1942
University of Illinois Chicago,68740,282
Benedictine University,63446,399
University of Illinois Urbana-Champaign,81054,121
Illinois Wesleyan University,70871,244
Illinois College,52575,945
Illinois Institute of Technology,82592,114
Illinois State University,62117,466
Judson University,56313,726
Knox College,54820,816
Lake Forest College,61825,478
Lewis University,66099,334
Loyola University Chicago,71530,235
McKendree University,58572,610
Methodist College,69800,261
Millikin University,51262,1026
Monmouth College,51110,1033
Moody Bible Institute,45399,1369
National Louis University,45799,1346
North Central College,60123,543
North Park University,59572,567
Northern Illinois University,57808,655
Northwestern University,89363,76
Northeastern Illinois University,52234,962
Olivet Nazarene University,53213,913
Quincy University,50369,1065
Rockford University,54794,820
Roosevelt University,48712,1160
Dominican University,60327,536
University of St Francis,63926,383
Saint Xavier University,58656,608
University of Illinois Springfield,57103,687
Southern Illinois University-Carbondale,53390,903
Southern Illinois University Edwardsville,56346,723
Trinity Christian College,55700,763
Trinity International University-Illinois,46989,1266
VanderCook College of Music,47863,1216
Western Illinois University,54163,854
Wheaton College,63756,388
Anderson University,48899,1151
Ball State University,51833,991
Bethel University,48860,1154
Butler University,77235,159
Calumet College of Saint Joseph,46945,1267
DePauw University,70527,249
Earlham College,50797,1045
University of Evansville,53770,880
Franklin College,55376,782
Goshen College,51943,983
Grace College and Theological Seminary,45411,1367
Hanover College,53957,866
Holy Cross College,50416,1062
Huntington University,46672,1284
Purdue University Fort Wayne,45872,1342
Indiana University-Indianapolis,55198,791
University of Indianapolis,53610,888
Indiana Institute of Technology,47327,1249
University of Southern Indiana,47605,1228
Indiana State University,48387,1179
Indiana University-Kokomo,49917,1085
Indiana University-South Bend,44947,1405
Indiana University-Bloomington,63742,389
Indiana University-Northwest,43361,1486
Indiana University-Southeast,47596,1231
Indiana University-East,47156,1258
Manchester University,51504,1021
Marian University,58759,604
Indiana Wesleyan University-Marion,59986,548
Mid-America College of Funeral Service,44505,1424
University of Notre Dame,99980,34
Oakland City University,43283,1493
Rose-Hulman Institute of Technology,101253,31
University of Saint Francis-Fort Wayne,55362,783
Saint Mary-of-the-Woods College,43845,1461
Saint Mary's College,59354,578
Taylor University,52198,966
Trine University,57165,681
Valparaiso University,63191,427
Vincennes University,41110,1613
Wabash College,69952,260
Briar Cliff University,54475,834
Buena Vista University,49156,1135
Central College,54317,845
Clarke University,55396,780
Coe College,57125,685
Cornell College,53460,897
Dordt University,52559,947
Drake University,71901,229
University of Dubuque,51190,1027
Emmaus Bible College,42631,1530
Faith Baptist Bible College and Theological Seminary,40650,1646
Graceland University-Lamoni,47361,1248
Grand View University,52824,932
Grinnell College,62830,441
Orion Technical College,37008,1829
Iowa State University,63386,422
University of Iowa,64762,365
Loras College,58289,632
Luther College,59850,557
Maharishi International University,27981,2033
Mercy College of Health Sciences,62234,457
Morningside University,55494,775
Mount Mercy University,60787,517
The University of Arizona Global Campus,35404,1891
University of Northern Iowa,55177,792
Northwestern College,49802,1090
Saint Ambrose University,59531,569
St Luke's College,61033,511
Simpson College,59274,581
Upper Iowa University,52766,935
Waldorf University,51165,1029
Wartburg College,56201,734
William Penn University,48936,1147
Baker University,63855,386
Benedictine College,53175,915
Bethany College,49694,1099
Bethel College-North Newton,49898,1086
Central Christian College of Kansas,44468,1427
Donnelly College,35715,1878
Emporia State University,47601,1229
Fort Hays State University,48928,1148
Barclay College,36355,1861
Friends University,52113,971
Haskell Indian Nations University,37043,1827
Hesston College,47495,1237
Concorde Career College-Kansas City,35242,1895
University of Kansas,61945,475
Newman University,55041,801
Kansas State University,57262,677
Kansas Wesleyan University,51152,1030
Manhattan Christian College,48860,1154
McPherson College,52084,973
MidAmerica Nazarene University,62972,433
Ottawa University-Ottawa,55552,769
Pittsburg State University,50579,1056
University of Saint Mary,59483,572
Southwestern College,55646,765
Sterling College,45846,1344
Tabor College,54058,861
Washburn University,49774,1092
Wichita State University,51532,1017
Alice Lloyd College,40573,1652
Asbury University,42368,1547
Bellarmine University,62069,472
Berea College,43150,1504
Brescia University,45500,1360
Campbellsville University,41583,1590
Centre College,66240,327
Clear Creek Baptist Bible College,41623,1588
Galen College of Nursing-Louisville,61480,490
University of the Cumberlands,45036,1397
Eastern Kentucky University,45795,1347
Georgetown College,52074,975
American National University-Louisville,28188,2031
Kentucky Mountain Bible College,21256,2089
Kentucky State University,36382,1860
Kentucky Wesleyan College,46747,1278
University of Kentucky,59025,594
Kentucky Christian University,42375,1546
Lindsey Wilson University,41129,1610
University of Louisville,53899,869
Midway University,44246,1443
Morehead State University,43197,1497
Murray State University,44737,1413
Northern Kentucky University,50220,1072
University of Pikeville,48231,1191
Spalding University,49438,1118
Sullivan University,38008,1790
Thomas More University,59384,577
Transylvania University,54705,824
Union Commonwealth University,42002,1570
Western Kentucky University,43889,1459
Centenary College of Louisiana,50330,1067
Dillard University,39196,1724
Grambling State University,41109,1614
Louisiana State University at Alexandria,42205,1555
Louisiana State University and Agricultural & Mechanical College,61251,506
Louisiana State University-Shreveport,47477,1242
Louisiana Christian University,51700,1003
Louisiana Tech University,52279,960
Loyola University New Orleans,52927,927
McNeese State University,46453,1304
University of New Orleans,47872,1212
Nicholls State University,45454,1361
University of Louisiana at Monroe,46769,1277
Northwestern State University of Louisiana,47021,1264
University of Holy Cross,49316,1127
Franciscan Missionaries of Our Lady University,59419,575
Saint Joseph Seminary College,38366,1763
Southeastern Louisiana University,46482,1301
Southern University and A & M College,43371,1485
Southern University at New Orleans,34042,1934
University of Louisiana at Lafayette,47089,1261
Tulane University of Louisiana,63268,424
Xavier University of Louisiana,52184,967
College of the Atlantic,40264,1663
Bates College,69498,268
Beal University,35639,1881
Bowdoin College,82735,111
Maine College of Health Professions,79840,132
Colby College,80490,127
University of Maine at Augusta,40342,1659
University of Maine at Farmington,44433,1429
University of Maine at Fort Kent,51077,1034
University of Maine,48653,1166
Maine Maritime Academy,89964,72
University of Maine at Presque Isle,40956,1621
University of New England,55921,751
Maine College of Art & Design,40778,1634
Saint Joseph's College of Maine,59045,593
University of Southern Maine,49958,1082
Thomas College,44991,1400
Unity Environmental University,37852,1795
University of Baltimore,61335,499
Bowie State University,54537,830
Capitol Technology University,85035,92
Washington Adventist University,64249,375
Coppin State University,46490,1300
Frostburg State University,55493,776
Goucher College,53023,924
Hood College,57089,689
Johns Hopkins University,87555,82
Loyola University Maryland,82652,113
University of Maryland Global Campus,65287,353
University of Maryland-Baltimore County,69960,258
University of Maryland-College Park,82860,109
Maryland Institute College of Art,45212,1389
University of Maryland Eastern Shore,47697,1225
Morgan State University,50698,1051
Mount St. Mary's University,64072,378
Ner Israel Rabbinical College,66330,326
Notre Dame of Maryland University,65344,351
Salisbury University,61515,487
St. Mary's College of Maryland,60110,545
St. John's College,51584,1013
Towson University,64390,370
Stevenson University,62079,471
Washington College,65518,348
McDaniel College,60663,520
American International College,53124,918
Amherst College,77644,154
Anna Maria College,46651,1286
Assumption University,74895,187
Babson College,123938,9
Boston Baptist College,34159,1933
Bay Path University,55383,781
Bentley University,120959,10
Berklee College of Music,33647,1939
Boston Architectural College,62123,465
Boston College,103937,20
Boston University,83238,105
Brandeis University,77231,160
Bridgewater State University,57466,669
Cambridge College,45998,1321
Laboure College of Healthcare,62200,461
Clark University,62381,454
Curry College,54400,838
Dean College,38109,1784
Emerson College,62832,440
Emmanuel College,68245,290
Endicott College,58336,627
Fisher College,49669,1100
Fitchburg State University,53874,870
Framingham State University,52349,954
Benjamin Franklin Cummings Institute of Technology,57556,664
Gordon College,52119,970
Hampshire College,46938,1268
Harvard University,101817,30
Hellenic College-Holy Cross Greek Orthodox School of Theology,51724,1001
College of the Holy Cross,90543,70
Lasell University,49705,1097
Lesley University,51173,1028
Longy School of Music of Bard College,46543,1295
University of Massachusetts-Lowell,64874,362
University of Massachusetts-Amherst,71631,232
University of Massachusetts-Boston,65865,339
Massachusetts College of Pharmacy and Health Sciences,125557,7
Massachusetts College of Art and Design,43582,1466
Massachusetts Institute of Technology,143372,1
Massachusetts Maritime Academy,82392,118
Merrimack College,75584,175
Montserrat College of Art,33022,1949
Mount Holyoke College,58418,621
The New England Conservatory of Music,34483,1917
Nichols College,58063,644
Massachusetts College of Liberal Arts,48102,1196
Northeastern University,92538,48
College of Our Lady of the Elms,51540,1015
Quincy College,52506,949
Regis College,52873,931
Salem State University,56662,712
Simmons University,63494,397
Simon's Rock at Bard College,46543,1295
Smith College,64027,379
Springfield College,48036,1204
University of Massachusetts-Dartmouth,68804,279
Stonehill College,77745,153
Suffolk University,67506,307
Tufts University,83214,106
Wellesley College,84803,94
Wentworth Institute of Technology,82721,112
Western New England University,73157,212
Westfield State University,57346,672
Wheaton College (Massachusetts),67725,299
Williams College,88665,79
Worcester Polytechnic Institute,103470,22
Worcester State University,60624,521
Adrian College,55504,774
Albion College,58799,603
Alma College,54742,822
Alpena Community College,36442,1857
Andrews University,53187,914
Aquinas College,49584,1108
Baker College,35833,1875
Calvin University,58375,623
Central Michigan University,55874,752
Cleary University,54186,853
Concordia University Ann Arbor,56075,740
College for Creative Studies,44860,1407
Davenport University,45099,1392
University of Detroit Mercy,71030,242
Eastern Michigan University,51793,994
Ferris State University,54735,823
Kettering University,94823,41
Grace Christian University,41663,1586
Cornerstone University,47314,1251
Grand Valley State University,56118,739
Great Lakes Christian College,31053,1992
Henry Ford College,34795,1907
Hope College,58427,620
Jackson College,36898,1841
Kalamazoo College,65590,345
Lake Superior State University,49045,1140
Lawrence Technological University,69151,270
Madonna University,59058,592
Rochester Christian University,48707,1161
University of Michigan-Ann Arbor,83648,103
Michigan State University,67253,312
Michigan Technological University,78198,148
University of Michigan-Dearborn,59649,563
University of Michigan-Flint,53230,911
Northern Michigan University,47107,1260
Northwestern Michigan College,38167,1779
Northwood University,63075,431
Oakland University,58612,609
The University of Olivet,47907,1207
Kuyper College,41066,1616
Sacred Heart Major Seminary,49295,1129
Saginaw Valley State University,51955,982
Schoolcraft Community College District,42722,1523
Siena Heights University,57529,667
Spring Arbor University,51732,999
Wayne State University,53493,896
Western Michigan University,53562,892
Academy College,48300,1189
Augsburg University,58829,601
Bemidji State University,53755,881
Bethany Lutheran College,46110,1317
Bethel University,63764,387
Carleton College,75525,177
Concordia College at Moorhead,59317,579
Concordia University-Saint Paul,59871,556
Martin Luther College,47491,1238
Gustavus Adolphus College,65607,344
Hamline University,61106,510
Macalester College,63878,385
Minnesota State University-Mankato,56922,698
Metropolitan State University,64705,366
University of Minnesota-Twin Cities,69020,273
University of Minnesota-Crookston,58056,645
Minneapolis College of Art and Design,40873,1624
Herzing University-Minneapolis,36909,1831
University of Minnesota-Duluth,62616,448
University of Minnesota-Morris,50919,1043
Minnesota State University Moorhead,50527,1058
North Central University,45064,1395
University of Northwestern-St Paul,50755,1046
Northwestern Health Sciences University,48666,1165
Oak Hills Christian College,35983,1870
College of Saint Benedict,63260,425
Saint Cloud State University,55813,756
Saint Johns University,76786,161
Saint Mary's University of Minnesota,58170,636
St Olaf College,65543,347
Crown College,48057,1199
The College of Saint Scholastica,65934,338
University of St Thomas,73739,205
St Catherine University,59282,580
Rasmussen University-Minnesota,39080,1729
Southwest Minnesota State University,51342,1024
Dunwoody College of Technology,61511,488
Winona State University,58532,615
Alcorn State University,36421,1859
Belhaven University,46440,1305
Blue Mountain Christian University,40421,1656
Delta State University,41991,1571
Jackson State University,39060,1735
Millsaps College,53848,873
University of Mississippi,50994,1039
Mississippi University for Women,46128,1315
Mississippi Valley State University,31919,1971
Mississippi Christian University,47485,1239
Mississippi State University,51513,1019
Rust College,32275,1967
Southeastern Baptist College,26946,2038
University of Southern Mississippi,44140,1450
Tougaloo College,34724,1909
William Carey University,43087,1510
Avila University,52773,934
Mission University,38641,1753
Cox College,56867,707
Calvary University,45421,1364
Central Christian College of the Bible,34675,1910
Central Methodist University-College of Liberal Arts and Sciences,48991,1145
University of Central Missouri,49560,1109
Cleveland University-Kansas City,52304,959
Columbia College,45378,1380
Conception Seminary College,50430,1060
Cottey College,35422,1888
Culver-Stockton College,46092,1318
Drury University,40694,1635
Evangel University,46573,1292
Ozarks Technical Community College,36455,1856
Hannibal-LaGrange University,42643,1529
Harris-Stowe State University,31088,1991
Kansas City Art Institute,37032,1828
Lincoln University,39463,1712
Lindenwood University,53278,907
Logan University,55838,753
Maryville University of Saint Louis,62105,467
Midwestern Baptist Theological Seminary,50535,1057
Missouri Baptist University,46660,1285
Missouri Southern State University,42620,1531
Missouri Valley College,43221,1496
Missouri Western State University,42647,1528
University of Missouri-Columbia,63403,421
University of Missouri-Kansas City,59637,564
Missouri University of Science and Technology,82957,107
University of Missouri-St Louis,53037,922
Truman State University,56280,730
Northwest Missouri State University,47885,1211
Ozark Christian College,41297,1603
College of the Ozarks,41592,1589
Park University,56309,728
Stevens-The Institute of Business & Arts,29058,2022
Ranken Technical College,55955,745
Rockhurst University,67102,315
Saint Louis University,70783,247
University of Health Sciences and Pharmacy in St. Louis,137047,3
Saint Louis Community College,35325,1894
Southwest Baptist University,43112,1507
Stephens College,43071,1511
Southeast Missouri State University,44030,1456
Missouri State University-Springfield,49827,1089
Washington University in St Louis,86182,89
Webster University,50876,1044
Westminster College,52199,965
William Jewell College,59268,582
William Woods University,42401,1542
Blackfeet Community College,22953,2075
Carroll College,61772,481
Montana State University Billings,44296,1441
Aaniiih Nakoda College,30528,2000
University of Providence,48296,1190
Montana Technological University,54329,844
Montana State University,53263,908
The University of Montana,44511,1423
Montana State University-Northern,49505,1113
Rocky Mountain College,49036,1142
Salish Kootenai College,32725,1953
The University of Montana-Western,43229,1494
Bellevue University,61289,504
Clarkson College,64876,360
Bryan College of Health Sciences,70845,245
Chadron State College,47002,1265
Concordia University-Nebraska,52415,951
Creighton University,73911,202
Doane University,53316,905
Hastings College,51303,1025
University of Nebraska at Kearney,50105,1076
Nebraska Methodist College of Nursing & Allied Health,65071,356
Midland University,52163,968
University of Nebraska at Omaha,53909,867
Nebraska Indian Community College,31458,1985
Nebraska Wesleyan University,56405,719
University of Nebraska-Lincoln,56887,703
Peru State College,47071,1263
College of Saint Mary,54338,842
Union Adventist University,55045,799
Wayne State College,47075,1262
York University,44130,1451
College of Southern Nevada,38087,1785
University of Nevada-Las Vegas,55037,802
University of Nevada-Reno,60614,523
Great Basin College,39289,1717
Truckee Meadows Community College,44573,1419
Western Nevada College,41987,1572
Colby-Sawyer College,46474,1302
Dartmouth College,97434,37
Franklin Pierce University,53353,904
New England College,42092,1563
Southern New Hampshire University,50318,1069
University of New Hampshire-Main Campus,66479,323
Keene State College,54368,840
University of New Hampshire at Manchester,66479,323
Plymouth State University,57304,673
Rivier University,52248,961
Saint Anselm College,73371,209
University of New Hampshire College of Professional Studies Online,66479,323
Thomas More College of Liberal Arts,53565,891
Eastwick College-Hackensack,39762,1697
Berkeley College-Woodland Park,40251,1664
Bloomfield College of Montclair State University,61415,495
Caldwell University,53843,875
Centenary University,53726,884
Drew University,63646,391
Fairleigh Dickinson University-Metropolitan Campus,57273,675
Felician University,57602,661
Fairleigh Dickinson University-Florham Campus,57273,675
Georgian Court University,53096,919
Rowan University,59988,547
Eastwick College-Ramsey,51725,1000
New Jersey City University,52745,936
Kean University,57237,678
Monmouth University,67991,295
Montclair State University,61415,495
New Jersey Institute of Technology,84276,97
Princeton University,110066,14
Rabbinical College of America,34990,1903
Ramapo College of New Jersey,67541,305
Rider University,62208,458
Rutgers University-Camden,74479,193
Rutgers University-New Brunswick,74479,193
Rutgers University-Newark,74479,193
Saint Peter's University,57815,654
Seton Hall University,70196,254
Saint Elizabeth University,53038,921
Stevens Institute of Technology,108772,16
Stockton University,57602,661
Talmudical Academy-New Jersey,40344,1658
The College of New Jersey,73323,210
William Paterson University of New Jersey,57780,656
Navajo Technical University,26364,2044
Eastern New Mexico University-Main Campus,38550,1755
Institute of American Indian and Alaska Native Culture and Arts Development,24505,2067
New Mexico Highlands University,45937,1336
New Mexico Institute of Mining and Technology,76489,163
University of New Mexico-Main Campus,44792,1410
New Mexico State University-Main Campus,39067,1734
Northern New Mexico College,38112,1783
University of the Southwest,45389,1370
Western New Mexico University,39095,1727
Vaughn College of Aeronautics and Technology,64973,357
Adelphi University,75482,178
Bryant & Stratton College-Albany,32568,1958
Albany College of Pharmacy and Health Sciences,131426,4
Alfred University,54897,813
American Musical and Dramatic Academy,26975,2037
Associated Beth Rivkah Schools,17686,2104
Bard College,46543,1295
Barnard College,80516,126
Berkeley College-New York,45884,1340
Mount Sinai Phillips School of Nursing,96980,39
Boricua College,35348,1892
Bryant & Stratton College-Syracuse North,32568,1958
Bryant & Stratton College-Buffalo,32568,1958
Bryant & Stratton College-Greece,32568,1958
Canisius University,60681,519
Central Yeshiva Tomchei Tmimim Lubavitz,35023,1899
Clarkson University,89696,75
Colgate University,85139,91
Metropolitan College of New York,46236,1311
Columbia University in the City of New York,102491,28
The Cooper Union for the Advancement of Science and Art,83847,101
Cornell University,104043,19
Culinary Institute of America,47475,1243
CUNY Bernard M Baruch College,75971,171
CUNY Brooklyn College,60752,518
College of Staten Island CUNY,53501,894
CUNY City College,66039,336
CUNY Hunter College,63163,429
CUNY John Jay College of Criminal Justice,56195,736
CUNY Lehman College,58013,647
CUNY Medgar Evers College,46498,1299
CUNY New York City College of Technology,49365,1123
CUNY Queens College,62763,442
CUNY York College,56945,696
D'Youville  University,66942,318
Daemen University,61808,480
Dominican University New York,61171,508
Elmira College,57550,666
Fashion Institute of Technology,62696,444
Five Towns College,35887,1874
Fordham University,85569,90
Hamilton College,78411,144
Hartwick College,61107,509
Hilbert College,48309,1188
Hobart William Smith Colleges,68831,278
Hofstra University,69039,272
Houghton University,46721,1280
Iona University,73595,207
Ithaca College,63548,394
Jewish Theological Seminary of America,92751,47
The Juilliard School,37827,1798
Kehilath Yakov Rabbinical Seminary,36442,1857
Keuka College,58289,632
LIM College,58956,597
Le Moyne College,62731,443
Long Island University,59950,553
Machzikei Hadath Rabbinical College,41527,1594
Manhattan University,86316,88
Manhattan School of Music,26878,2039
Manhattanville University,58832,600
Maria College of Albany,55458,778
Marist University,77819,150
Marymount Manhattan College,49131,1137
Mercy University,52055,977
Mirrer Yeshiva Cent Institute,41192,1608
Molloy University,77789,151
Monroe University,41236,1604
Mount Saint Mary College,67705,300
University of Mount Saint Vincent,65756,341
Nazareth University,56458,717
The New School,52901,928
New York University,82509,117
Niagara University,56196,735
New York Institute of Technology,70080,255
New York School of Interior Design,48041,1201
Pace University,70378,251
Paul Smiths College of Arts and Science,46145,1314
Plaza College,31519,1983
Davis College,38450,1760
Pratt Institute-Main,54295,847
Rabbinical College Bobover Yeshiva Bnei Zion,20707,2095
Rensselaer Polytechnic Institute,102051,29
Roberts Wesleyan University,55031,803
Rochester Institute of Technology,76571,162
University of Rochester,79042,135
Russell Sage College,58316,629
St Bonaventure University,57214,679
St. Francis College,58099,641
St Lawrence University,67258,311
St. Thomas Aquinas College,62909,437
Sarah Lawrence College,53603,889
Siena University,76079,170
Skidmore College,69363,269
St. Joseph's University-New York,63905,384
St. John Fisher University,66944,317
St. John's University-New York,69571,266
SUNY College of Technology at Alfred,50445,1059
SUNY College of Technology at Canton,47860,1217
SUNY College of Technology at Delhi,51629,1010
SUNY College of Agriculture and Technology at Cobleskill,45030,1398
Farmingdale State College,69781,262
SUNY Morrisville,43295,1492
University at Albany,67979,296
Binghamton University,80596,125
University at Buffalo,70814,246
Stony Brook University,74502,192
SUNY College of Environmental Science and Forestry,55763,759
SUNY Polytechnic Institute,64355,372
SUNY Brockport,54496,833
SUNY Buffalo State University,52334,958
State University of New York at Cortland,60236,539
SUNY at Fredonia,54247,851
SUNY College at Geneseo,67316,310
State University of New York at New Paltz,58073,643
SUNY Oneonta,60386,533
State University of New York at Oswego,57566,663
SUNY College at Potsdam,47866,1215
SUNY at Purchase College,45092,1393
SUNY Old Westbury,58526,616
State University of New York at Plattsburgh,56403,720
Empire State University,54080,859
SUNY Maritime College,95951,40
Syracuse University,79164,134
Talmudical Seminary Oholei Torah,39230,1723
Touro University,53419,900
Trocaire College,55318,785
Union College,88604,80
United Talmudical Seminary,25113,2055
United States Merchant Marine Academy,90610,69
Utica University,63277,423
Vassar College,71366,239
Villa Maria College,38857,1745
School of Visual Arts,46459,1303
Wagner College,74360,196
The College of Westchester,42215,1553
Yeshiva of Nitra Rabbinical College,41785,1581
Yeshiva University,71353,240
Appalachian State University,51836,990
Barton College,47913,1206
Belmont Abbey College,47937,1205
Bennett College,36654,1847
Brevard College,43545,1468
Cabarrus College of Health Sciences,58708,606
Campbell University,54886,814
Catawba College,48793,1156
Chowan University,38412,1762
Davidson College,81400,120
Duke University,97800,36
East Carolina University,55146,793
Elizabeth City State University,40026,1688
Elon University,74545,191
Fayetteville State University,40144,1668
Gardner-Webb University,48039,1203
Greensboro College,46566,1294
Guilford College,47590,1232
High Point University,61389,498
Johnson C Smith University,42680,1526
Lees-McRae College,43415,1482
Lenoir-Rhyne University,45543,1357
Livingstone College,32600,1957
Mars Hill University,44781,1412
Meredith College,51539,1016
Methodist University,48050,1200
Montreat College,45151,1390
University of Mount Olive,47139,1259
North Carolina A & T State University,44440,1428
University of North Carolina Asheville,44030,1456
University of North Carolina at Chapel Hill,72200,222
University of North Carolina at Charlotte,57289,674
University of North Carolina at Greensboro,48160,1193
North Carolina Central University,42968,1514
University of North Carolina School of the Arts,38357,1766
North Carolina State University at Raleigh,68758,280
North Carolina Wesleyan University,45873,1341
University of North Carolina Wilmington,54967,806
William Peace University,46643,1287
University of North Carolina at Pembroke,43407,1484
Pfeiffer University,51562,1014
Queens University of Charlotte,57673,659
Mid-Atlantic Christian University,38342,1767
Saint Augustine's University,35730,1876
Salem College,44640,1417
Shaw University,34409,1928
Wake Forest University,78158,149
Warren Wilson College,36260,1862
Wingate University,52649,938
Carolina Christian College,40672,1639
Winston-Salem State University,45344,1383
Western Carolina University,49458,1117
Rasmussen University-North Dakota,39080,1729
Bismarck State College,54277,848
Dickinson State University,50720,1048
University of Jamestown,56621,713
University of Mary,60909,514
Mayville State University,47828,1219
Minot State University,51759,995
University of North Dakota,63552,393
North Dakota State University-Main Campus,62203,460
Sitting Bull College,28488,2026
Trinity Bible College and Graduate School,35604,1882
Turtle Mountain College,32079,1970
United Tribes Technical College,25292,2053
Valley City State University,52725,937
Herzing University-Akron,36909,1831
University of Akron Main Campus,46600,1290
University of Akron Wayne College,46600,1290
Allegheny Wesleyan College,37453,1811
Art Academy of Cincinnati,34368,1931
Ashland University,52928,926
Aultman College of Nursing and Health Sciences,63582,392
Baldwin Wallace University,54122,857
Bluffton University,49547,1111
Bowling Green State University-Firelands,47896,1209
Bowling Green State University-Main Campus,47896,1209
Bryant & Stratton College-Parma,32568,1958
Capital University,54143,855
Case Western Reserve University,87989,81
Cedarville University,55443,779
Central Ohio Technical College,39168,1725
Central State University,33267,1943
The Christ College of Nursing and Health Sciences,68303,289
University of Cincinnati-Main Campus,54810,817
Cincinnati State Technical and Community College,40137,1669
University of Cincinnati-Clermont College,54810,817
University of Cincinnati-Blue Ash College,54810,817
Ohio Christian University,39813,1696
Clark State College,39584,1706
Cleveland Institute of Art,42509,1536
Cleveland Institute of Music,32641,1955
Cleveland State University,52131,969
Columbus College of Art & Design,40664,1644
Columbus State Community College,39435,1713
Davis College,31588,1981
University of Dayton,75537,176
Defiance College,49351,1126
Denison University,67753,298
Edison State Community College,41360,1600
The University of Findlay,56996,693
Franklin University,51892,986
Gods Bible School and College,37722,1801
Good Samaritan College of Nursing and Health Science,66111,333
Heidelberg University,48466,1175
Hiram College,54311,846
John Carroll University,62860,439
Kent State University at Ashtabula,45388,1371
Kent State University at East Liverpool,45388,1371
Kent State University at Stark,45388,1371
Kent State University at Trumbull,45388,1371
Kent State University at Tuscarawas,45388,1371
Kent State University at Salem,45388,1371
Kent State University at Kent,45388,1371
Kent State University at Geauga,45388,1371
Kenyon College,71830,230
Kettering College,67492,308
Lake Erie College,50417,1061
James A. Rhodes State College,41855,1579
Lorain County Community College,38837,1746
Lourdes University,48150,1194
Malone University,48909,1150
Marietta College,57180,680
Marion Technical College,41495,1595
Mercy College of Ohio,65409,350
Miami University-Hamilton,55076,794
Miami University-Middletown,55076,794
Miami University-Oxford,55076,794
Mount Carmel College of Nursing,75103,183
University of Mount Union,53217,912
Mount Vernon Nazarene University,49555,1110
Mount St. Joseph University,51509,1020
Zane State College,35006,1901
Muskingum University,48440,1177
North Central State College,38158,1780
University of Northwestern Ohio,50968,1041
Oberlin College,58343,626
Ohio Dominican University,51748,996
Ohio Northern University,80928,122
Ohio State University-Lima Campus,60409,528
Ohio State University-Mansfield Campus,60409,528
Ohio State University-Marion Campus,60409,528
Ohio State University-Newark Campus,60409,528
Ohio State University-Main Campus,60409,528
Ohio University-Eastern Campus,52581,939
Ohio University-Chillicothe Campus,52581,939
Ohio University-Southern Campus,52581,939
Ohio University-Lancaster Campus,52581,939
Ohio University-Main Campus,52581,939
Ohio University-Zanesville Campus,52581,939
Ohio Wesleyan University,55624,766
Otterbein University,53313,906
Professional Skills Institute,47765,1221
University of Rio Grande,41478,1596
The Modern College of Design,42187,1560
Shawnee State University,39596,1705
Sinclair Community College,37558,1805
Franciscan University of Steubenville,50030,1079
Tiffin University,35942,1872
University of Toledo,50632,1054
Tri-State Bible College,31675,1977
Ursuline College,56878,705
Walsh University,59764,560
Washington State College of Ohio,37988,1791
Wilberforce University,38298,1770
Wilmington College,48491,1171
Wittenberg University,54947,808
The College of Wooster,59629,565
Wright State University-Main Campus,49500,1114
Wright State University-Lake Campus,49500,1114
Xavier University,64873,363
Youngstown State University,41544,1591
Oklahoma Wesleyan University,59841,558
Southern Nazarene University,54951,807
Cameron University,40118,1670
University of Central Oklahoma,48351,1185
East Central University,44962,1403
Randall University,42051,1566
Langston University,33261,1944
Murray State College,36545,1852
Spartan College of Aeronautics and Technology,49944,1084
Northeastern State University,45379,1379
Northwestern Oklahoma State University,44358,1436
Oklahoma Christian University,49203,1132
Oklahoma Panhandle State University,44933,1406
Oklahoma State University-Main Campus,57413,671
Oklahoma State University-Oklahoma City,41307,1602
Oklahoma Baptist University,48434,1178
Oklahoma City University,54655,828
University of Oklahoma-Norman Campus,63126,430
Oklahoma State University Institute of Technology,45634,1351
Oral Roberts University,46885,1270
Rogers State University,43166,1503
Rose State College,37555,1806
University of Science and Arts of Oklahoma,41913,1576
Southeastern Oklahoma State University,45079,1394
Southwestern Christian University,40391,1657
Southwestern Oklahoma State University,45744,1349
University of Tulsa,61408,497
Chemeketa Community College,40968,1620
Sumner College,46639,1289
Eastern Oregon University,50112,1075
New Hope Christian College-Eugene,31115,1989
George Fox University,59761,561
Lane Community College,38075,1786
Lewis & Clark College,62205,459
Linfield University,78638,139
Mount Angel Seminary,57436,670
Mt Hood Community College,41125,1612
Bushnell University,53623,887
Oregon Institute of Technology,72273,220
Oregon State University,64010,380
University of Oregon,61324,500
Pacific Northwest College of Art,34883,1906
Pacific University,60583,525
Portland State University,57906,651
University of Portland,82804,110
Reed College,62927,436
Southern Oregon University,49175,1134
Warner Pacific University,55204,790
Corban University,48917,1149
Willamette University,56911,700
Western Oregon University,51815,993
Bryn Athyn College of the New Church,40457,1655
Albright College,58700,607
Allegheny College,62069,472
DeSales University,61295,503
Alvernia University,55055,798
Arcadia University,58336,627
Bryn Mawr College,75217,181
Bucknell University,93807,44
Carlow University,51051,1035
Carnegie Mellon University,114862,11
Cedar Crest College,59460,573
Central Penn College,45370,1381
Chatham University,52410,952
Chestnut Hill College,52015,979
Cheyney University of Pennsylvania,37837,1797
Delaware Valley University,55838,753
Dickinson College,70204,253
Drexel University,84648,96
Duquesne University,74742,188
East Stroudsburg University of Pennsylvania,56148,737
Eastern University,51655,1007
Elizabethtown College,62399,453
Franklin and Marshall College,76124,169
Gannon University,58845,599
Geneva College,50004,1080
Gettysburg College,71517,236
Gwynedd Mercy University,67145,314
Haverford College,79966,130
Holy Family University,62235,456
Immaculata University,75701,174
Indiana University of Pennsylvania,51019,1036
Juniata College,56918,699
Keystone College,44976,1402
King's College,59498,570
Kutztown University of Pennsylvania,53775,879
La Roche University,52341,957
La Salle University,67416,309
Lackawanna College,41000,1619
Lafayette College,91410,65
Lancaster Bible College,44096,1453
Lebanon Valley College,62621,447
Lehigh University,105584,17
Lincoln University,43167,1502
Lycoming College,56210,733
Manor College,46825,1274
Marywood University,55817,755
Mercyhurst University,47452,1244
Messiah University,54064,860
Millersville University of Pennsylvania,55246,787
Misericordia University,64313,373
Moore College of Art and Design,37839,1796
Moravian University,61860,477
Mount Aloysius College,46165,1312
Muhlenberg College,69107,271
Neumann University,57817,653
Pennsylvania Institute of Technology,35703,1879
Pennsylvania State University-Penn State Erie-Behrend College,63435,400
Pennsylvania State University-Penn State New Kensington,63435,400
Pennsylvania State University-Penn State Shenango,63435,400
Pennsylvania State University-Penn State Wilkes-Barre,63435,400
Pennsylvania State University-Penn State Scranton,63435,400
Pennsylvania State University-Penn State Lehigh Valley,63435,400
Pennsylvania State University-Penn State Altoona,63435,400
Pennsylvania State University-Penn State Beaver,63435,400
Pennsylvania State University-Penn State Berks,63435,400
Pennsylvania State University-Penn State Harrisburg,63435,400
Pennsylvania State University-Penn State Brandywine,63435,400
Pennsylvania State University-Penn State DuBois,63435,400
Pennsylvania State University-Penn State Fayette- Eberly,63435,400
Pennsylvania State University-Penn State Hazleton,63435,400
Pennsylvania State University-Main Campus,63435,400
Pennsylvania State University-Penn State Greater Allegheny,63435,400
Pennsylvania State University-Penn State Mont Alto,63435,400
Pennsylvania State University-Penn State Abington,63435,400
Pennsylvania State University-Penn State Schuylkill,63435,400
Pennsylvania State University-Penn State York,63435,400
Peirce College,50660,1053
Pennsylvania Academy of the Fine Arts,29881,2009
Pennsylvania College of Art and Design,33301,1941
University of Pennsylvania,111371,13
Cairn University-Langhorne,44172,1448
University of Pittsburgh-Bradford,66125,329
University of Pittsburgh-Greensburg,66125,329
University of Pittsburgh-Johnstown,66125,329
University of Pittsburgh-Pittsburgh Campus,66125,329
Point Park University,45856,1343
Walnut Hill College,36689,1844
Robert Morris University,62105,467
Rosemont College,48555,1168
Saint Francis University,62101,469
Saint Joseph's University - Philadelphia,86881,84
Saint Vincent College,59982,550
University of Scranton,74652,189
Seton Hill University,51748,996
Shippensburg University of Pennsylvania,56351,722
Slippery Rock University of Pennsylvania,53032,923
Saint Charles Borromeo Seminary-Overbrook,55225,789
Susquehanna University,61723,484
Swarthmore College,80257,128
Temple University,63727,390
Thiel College,49714,1096
Thomas Jefferson University,77449,156
Ursinus College,73721,206
University of Valley Forge,39016,1736
Villanova University,100423,33
Washington & Jefferson College,67918,297
Waynesburg University,58537,614
West Chester University of Pennsylvania,61258,505
Westminster College,53861,872
Widener University,70920,243
Wilkes University,63454,398
Wilson College,43326,1487
York College of Pennsylvania,61012,512
Brown University,93487,46
Bryant University,90008,71
Johnson & Wales University-Providence,43418,1479
New England Institute of Technology,48684,1163
Providence College,87054,83
Rhode Island College,56318,725
University of Rhode Island,69743,263
Rhode Island School of Design,68140,292
Roger Williams University,70266,252
Salve Regina University,72975,213
Northpoint Bible College,42210,1554
Allen University,30497,2002
Anderson University,42101,1562
Charleston Southern University,45898,1339
Benedict College,31902,1973
Bob Jones University,44354,1437
Southern Wesleyan University,47756,1222
College of Charleston,56416,718
Citadel Military College of South Carolina,72085,225
Claflin University,40304,1661
Clemson University,71513,237
Clinton College,30180,2003
Coker University,40117,1671
Columbia International University,38951,1740
Columbia College,41338,1601
Converse University,40867,1627
Erskine College,53459,898
Francis Marion University,43888,1460
Furman University,68635,285
Greenville Technical College,39473,1711
Lander University,42396,1544
Morris College,30614,1998
Newberry College,48040,1202
North Greenville University,43035,1513
Presbyterian College,60194,540
University of South Carolina Aiken,45603,1354
University of South Carolina Beaufort,48088,1197
University of South Carolina-Columbia,62177,462
Coastal Carolina University,47258,1253
South Carolina State University,38262,1773
University of South Carolina-Upstate,48587,1167
Spartanburg Methodist College,42895,1518
Voorhees University,35339,1893
Winthrop University,47185,1256
Wofford College,68964,275
Augustana University,59217,586
Black Hills State University,46674,1283
Dakota State University,50970,1040
Dakota Wesleyan University,53728,883
Mount Marty University,48179,1192
National American University-Rapid City,37325,1816
Northern State University,47618,1227
Oglala Lakota College,22517,2084
South Dakota School of Mines and Technology,72257,221
South Dakota State University,55070,797
Sinte Gleska University,20948,2093
University of Sioux Falls,54521,831
Sisseton Wahpeton College,31546,1982
University of South Dakota,51926,985
American Baptist College,41216,1605
Austin Peay State University,44301,1440
Baptist Health Sciences University,72529,216
Belmont University,55930,750
Bethel University,47482,1241
Bryan College-Dayton,54434,837
Carson-Newman University,48382,1181
Christian Brothers University,57478,668
Cumberland University,57687,658
Lipscomb University,55541,773
East Tennessee State University,44859,1408
Chattanooga College Medical Dental and & Technical Careers,25954,2049
Fisk University,45454,1361
Welch College,42198,1556
Freed-Hardeman University,47485,1239
Johnson University,40596,1650
King University,59831,559
South College,36642,1848
Lane College,31670,1978
Le Moyne-Owen College,35594,1883
Lee University,43222,1495
Lincoln Memorial University,49956,1083
The University of Tennessee Southern,38924,1742
Maryville College,49279,1130
University of Memphis,48458,1176
Middle Tennessee State University,48541,1169
Rhodes College,66651,322
The University of the South,64911,358
Southern Adventist University,53723,885
Tennessee Wesleyan University,45989,1322
The University of Tennessee-Chattanooga,51151,1031
The University of Tennessee-Knoxville,60249,537
The University of Tennessee-Martin,44213,1447
Tennessee State University,42730,1522
Tennessee Technological University,48501,1170
Trevecca Nazarene University,49378,1122
Tusculum University,44367,1435
Union University,53990,865
Vanderbilt University,91565,64
Abilene Christian University,55736,761
Alvin Community College,45762,1348
Angelo State University,50116,1074
Arlington Baptist University,44644,1415
Austin College,61296,502
Austin Community College District,43177,1500
Baylor University,65793,340
Brazosport College,45910,1337
Concordia University Texas,60883,515
Texas A & M University-Corpus Christi,51865,988
Dallas Baptist University,56807,708
Dallas Christian College,43503,1473
University of Dallas,58285,634
Del Mar College,38656,1752
East Texas Baptist University,52788,933
Texas A&M University-Texarkana,45515,1359
East Texas A&M University,50296,1070
Dallas College,41714,1585
Western Technical College,36156,1863
Western Technical College,36156,1863
Galveston College,37233,1820
Grayson College,40873,1624
Hallmark University,40183,1666
Hardin-Simmons University,54771,821
Trinity Valley Community College,38567,1754
Houston Christian University,55933,749
University of Houston-Clear Lake,59004,596
Houston City College,39254,1721
University of Houston-Downtown,53551,893
Texas A&M University-Victoria,54467,835
University of Houston,62377,455
Howard Payne University,48376,1182
Huston-Tillotson University,42937,1517
University of the Incarnate Word,56733,711
Jarvis Christian University,32992,1950
Lamar University,49652,1101
Laredo College,33934,1935
Texas A & M International University,48386,1180
LeTourneau University,57103,687
Lubbock Christian University,53787,878
College of the Mainland,39639,1702
University of Mary Hardin-Baylor,56132,738
McMurry University,48779,1157
Midland College,43958,1458
Midwestern State University,55747,760
Wade College,36657,1846
Navarro College,38716,1748
Lone Star College System,42466,1540
University of North Texas,57010,692
Odessa College,42026,1567
Our Lady of the Lake University,48675,1164
The University of Texas Rio Grande Valley,49620,1104
Paul Quinn College,29288,2019
Prairie View A & M University,45411,1367
Rice University,89718,74
Saint Edward's University,58826,602
St Philip's College,38224,1774
University of St Thomas,59224,584
Sam Houston State University,54211,852
San Antonio College,39711,1698
San Jacinto Community College,43062,1512
Schreiner University,52228,964
St. Mary's University,56955,694
Southern Methodist University,78354,145
Nelson University,46238,1310
Southwestern University,56878,705
Stephen F Austin State University,49634,1103
Texas State University,56906,701
Southwestern Adventist University,52946,925
Southwestern Christian College,32672,1954
Sul Ross State University,41871,1578
Tarleton State University,53040,920
Texas A&M University-Kingsville,51450,1023
Texas A&M University-College Station,72097,224
The University of Texas at Arlington,63199,426
The University of Texas at Austin,75121,182
The University of Texas at Dallas,68227,291
The University of Texas at El Paso,50923,1042
The University of Texas at Tyler,57053,691
Texas Christian University,68424,287
Texas College,33752,1938
Texas Lutheran University,53863,871
The University of Texas Permian Basin,56073,742
The University of Texas at San Antonio,57131,684
Texas Southern University,38924,1742
Texas Tech University,62454,452
Texas Wesleyan University,54053,862
Texas Woman's University,56544,715
Trinity University,71668,231
Tyler Junior College,38140,1782
Wayland Baptist University,51838,989
Weatherford College,42397,1543
West Texas A & M University,50741,1047
Wiley University,33159,1946
Brigham Young University,75790,173
Brigham Young University-Hawaii,52064,976
Utah Tech University,44570,1420
Eagle Gate College-Murray,37518,1807
Ensign College,50630,1055
Snow College,41022,1617
Southern Utah University,50296,1070
Utah State University,54022,863
Utah Valley University,55486,777
University of Utah,67170,313
Weber State University,56287,729
Westminster University,66215,328
Bennington College,38289,1771
Champlain College,58386,622
Middlebury College,76310,166
Norwich University,65575,346
Saint Michael's College,61317,501
Sterling College,30573,1999
Vermont State University,50331,1066
University of Vermont,62472,451
Averett University,51516,1018
Bluefield University,48896,1152
Bridgewater College,53453,899
William & Mary,73490,208
Regent University,44498,1425
Christopher Newport University,60509,527
Bryant & Stratton College-Virginia Beach,32568,1958
Emory & Henry University,47385,1246
Eastern Mennonite University,54869,815
Ferrum College,44296,1441
George Mason University,76343,165
Hampden-Sydney College,67640,302
Hampton University,59159,589
Hollins University,40075,1687
James Madison University,69954,259
Liberty University,44813,1409
Longwood University,52347,955
University of Lynchburg,56380,721
Centra College,60122,544
Mary Baldwin University,44427,1430
University of Mary Washington,60613,524
Marymount University,67516,306
American National University,26370,2043
Norfolk State University,44666,1414
Old Dominion University,54914,809
Radford University,53739,882
Randolph-Macon College,58448,618
Randolph College,53409,901
University of Richmond,76178,168
Riverside College of Health Sciences,66072,335
Roanoke College,58047,646
Shenandoah University,58433,619
Southern Virginia University,50002,1081
Strayer University-Virginia,40092,1672
Sweet Briar College,51943,983
University of Virginia's College at Wise,45325,1384
Virginia Polytechnic Institute and State University,81698,119
Virginia Commonwealth University,58128,640
University of Virginia-Main Campus,86863,86
Virginia Military Institute,77369,158
Virginia University of Lynchburg,28396,2029
Virginia State University,45543,1357
Virginia Union University,38275,1772
Virginia Wesleyan University,50074,1077
Washington and Lee University,94810,42
Bellevue College,56310,727
Bellingham Technical College,49748,1094
Big Bend Community College,43814,1463
Central Washington University,61580,486
Centralia College,43140,1505
Clark College,42356,1550
Clover Park Technical College,41787,1580
Columbia Basin College,46680,1282
Eastern Washington University,57897,652
Edmonds College,48144,1195
Everett Community College,45434,1363
The Evergreen State College,45320,1385
Pierce College District,47532,1236
Gonzaga University,78892,137
Grays Harbor College,40865,1628
Green River College,50712,1050
Heritage University,49416,1119
Highline College,47869,1213
Bates Technical College,50051,1078
Lake Washington Institute of Technology,50669,1052
Lower Columbia College,40691,1637
North Seattle College,47728,1224
Northwest University,54914,809
Olympic College,43169,1501
Pacific Lutheran University,66990,316
Peninsula College,37078,1826
University of Puget Sound,69594,265
Renton Technical College,49782,1091
Saint Martin's University,62092,470
South Seattle College,44486,1426
Seattle Central College,43307,1489
Seattle Pacific University,64506,368
Seattle University,75272,180
Shoreline College,52009,980
Skagit Valley College,43505,1472
South Puget Sound Community College,45039,1396
Spokane Community College,41984,1573
Spokane Falls Community College,38955,1739
Tacoma Community College,47168,1257
Walla Walla Community College,43526,1470
Walla Walla University,61885,476
Washington State University,68905,276
University of Washington-Seattle Campus,78466,140
Wenatchee Valley College,41127,1611
Western Washington University,62569,449
Whatcom Community College,44092,1454
Whitman College,67589,303
Whitworth University,58561,612
Yakima Valley College,43499,1474
Appalachian Bible College,37467,1810
Bethany College,44512,1422
Bluefield State University,38217,1776
University of Charleston,55774,758
Concord University,42703,1525
Davis & Elkins College,43411,1483
Fairmont State University,46857,1271
Glenville State University,39315,1716
Marshall University,46354,1306
West Virginia University at Parkersburg,35171,1897
Potomac State College of West Virginia University,55939,746
Salem University,34642,1913
Shepherd University,49358,1125
West Virginia State University,40492,1654
West Liberty University,43296,1491
West Virginia University Institute of Technology,55939,746
West Virginia Wesleyan College,51593,1012
West Virginia Junior College-Morgantown,31912,1972
West Virginia University,55939,746
Wheeling University,57949,650
Alverno College,53145,917
Madison Area Technical College,45413,1366
Bellin College,76222,167
Beloit College,53260,909
Carroll University,58009,648
Carthage College,56950,695
Concordia University-Wisconsin,56075,740
Edgewood University,59728,562
Lakeland University,55961,744
Lawrence University,55789,757
Maranatha Baptist University,45593,1355
Marian University,53501,894
Marquette University,78257,147
Milwaukee Institute of Art & Design,41174,1609
Milwaukee School of Engineering,89070,77
Mount Mary University,48745,1159
Ripon College,54902,812
Saint Norbert College,58363,624
Viterbo University,55660,764
University of Wisconsin-Whitewater,55356,784
University of Wisconsin-Eau Claire,58561,612
University of Wisconsin-Green Bay,52528,948
University of Wisconsin-La Crosse,60378,534
Wisconsin Lutheran College,54664,826
University of Wisconsin-Oshkosh,55548,772
University of Wisconsin-Parkside,51129,1032
Herzing University-Madison,36909,1831
University of Wisconsin-Stout,58084,642
University of Wisconsin-Superior,49606,1105
University of Wisconsin-Madison,73792,204
University of Wisconsin-Milwaukee,54990,805
University of Wisconsin-Platteville,61760,483
University of Wisconsin-River Falls,54458,836
University of Wisconsin-Stevens Point,52021,978
Central Wyoming College,34402,1930
Laramie County Community College,44783,1411
Northwest College,36950,1830
Western Wyoming Community College,40939,1622
University of Wyoming,56880,704
American Samoa Community College,30087,2004
Guam Community College,27820,2035
University of Guam,35946,1871
Northern Marianas College,27836,2034
Universidad Adventista de las Antillas,28465,2027
Atlantic University,25272,2054
Universidad Central de Bayamon,25021,2056
Albizu University-San Juan,41544,1591
Caribbean University-Bayamon,22842,2080
Caribbean University-Carolina,22842,2080
Pontifical Catholic University of Puerto Rico-Arecibo,24908,2057
Pontifical Catholic University of Puerto Rico-Ponce,24908,2057
CEM College-San Juan,21033,2091
Universidad Teologica del Caribe,23536,2072
Colegio Universitario de San Juan,26510,2041
Universidad Ana G. Mendez-Cupey Campus,24490,2068
Puerto Rico Conservatory of Music,19474,2103
EDP University of Puerto Rico Inc-San Sebastian,22844,2077
Escuela de Artes Plasticas y Diseno de Puerto Rico,21790,2087
Huertas College,22927,2076
Humacao Community College,20064,2097
Inter American University of Puerto Rico-San German,25416,2052
Inter American University of Puerto Rico-Aguadilla,24776,2062
Inter American University of Puerto Rico-Arecibo,24539,2066
Inter American University of Puerto Rico-Barranquitas,23204,2073
Inter American University of Puerto Rico-Metro,30821,1995
Inter American University of Puerto Rico-Ponce,26721,2040
Inter American University of Puerto Rico-Fajardo,23132,2074
Inter American University of Puerto Rico-Guayama,25827,2051
Inter American University of Puerto Rico-Bayamon,29936,2008
NUC University,24785,2061
University of Puerto Rico-Aguadilla,27997,2032
University of Puerto Rico-Arecibo,30512,2001
University of Puerto Rico,34409,1928
University of Puerto Rico-Carolina,30626,1997
University of Puerto Rico at Cayey,30958,1993
University of Puerto Rico-Humacao,29521,2016
University of Puerto Rico-Utuado,23906,2071
University of Puerto Rico-Mayaguez,48992,1144
University of Puerto Rico at Ponce,31394,1986
University of Puerto Rico-Rio Piedras,35723,1877
Universidad Ana G. Mendez-Carolina Campus,24328,2069
Universidad del Sagrado Corazon,31754,1976
Universidad Central Del Caribe,31468,1984
Universidad Politecnica de Puerto Rico,47540,1233
Pontifical Catholic University of Puerto Rico-Mayaguez,24908,2057
Universidad Ana G. Mendez-Gurabo Campus,26223,2045
College of Micronesia-FSM,24651,2063
University of the Virgin Islands,38681,1750
Stanford University,124080,8
Purdue University-Main Campus,72424,217
Parker University,42091,1564
EDP University of Puerto Rico Inc-San Juan,22844,2077
St. John's College,44985,1401
Mid-America Christian University,46116,1316
Palo Alto College,37448,1812
Beckfield College-Florence,37114,1824
Landmark College,29813,2010
Collin County Community College District,48701,1162
ECPI University,42837,1519
South University-Columbia,34421,1919
Lac Courte Oreilles Ojibwe University,24302,2070
Platt College-Los Angeles,40669,1640
University of Massachusetts Global,65703,342
New College of Florida,48082,1198
Yeshivah Gedolah Rabbinical College,30667,1996
Caribbean University-Ponce,22842,2080
Caribbean University-Vega Baja,22842,2080
University of Advancing Technology,50719,1049
Paradise Valley Community College,47196,1254
South Florida Bible College and Theological Seminary,45354,1382
Pennsylvania College of Technology,52567,946
Stone Child College,24555,2065
California State University-San Marcos,62908,438
Nossi College of Art and Design,35113,1898
Bryan University,28725,2024
Fremont University,39003,1738
Yeshiva Gedolah Imrei Yosef D'spinka,36545,1852
CEM College-Humacao,21033,2091
Universal Technology College of Puerto Rico,19878,2098
Northwest College of Art & Design,31167,1988
University of Washington-Bothell Campus,78466,140
University of Washington-Tacoma Campus,78466,140
Valley College-Martinsburg,24900,2060
Pacific College of Health and Science,26209,2046
Center for Advanced Legal Studies,56561,714
Bay Mills Community College,30048,2005
Fond du Lac Tribal and Community College,45665,1350
Northwest Indian College,35447,1887
Provo College,39645,1701
Beacon College,29420,2018
University of the Potomac-Washington DC Campus,34961,1904
Everglades University,47597,1230
Herzing University-Orlando,36909,1831
College of Biblical Studies-Houston,39260,1719
The College of Health Care Professions-Northwest,33070,1948
Southern California Institute of Technology,53598,890
Soka University of America,55017,804
Schiller International University,35529,1885
Galen College of Nursing-Tampa Bay,61480,490
Galen College of Nursing-San Antonio,61480,490
Florida National University-Main Campus,33928,1937
South Texas College,36788,1842
California State University-Monterey Bay,59247,583
Capella University,42189,1559
College of Menominee Nation,25853,2050
Pacific College of Health and Science,26209,2046
Trine University-Regional/Non-Traditional Campuses,57165,681
Southeast Missouri Hospital College of Nursing and Health Sciences,60918,513
Messenger College,29463,2017
New York College of Health Professions,31601,1980
Northwest Vista College,42490,1538
Arizona College of Nursing-Tempe,34657,1911
Eastern International College-Jersey City,35008,1900
Pacific College,70064,257
Compu-Med Vocational Careers Corp,22226,2086
Embry-Riddle Aeronautical University-Worldwide,84131,98
Southeastern College-Boynton Beach,41200,1606
Strayer University-Maryland,40092,1672
Platt College-Ontario,40669,1640
American University of Health Sciences,93610,45
Career Networks Institute,45256,1387
Carolinas College of Health Sciences,64624,367
Western Governors University,60615,522
California Aeronautical University,38361,1764
Herzing University-New Orleans,36909,1831
Florida Gulf Coast University,54560,829
Ilisagvik College,39541,1709
Dewey University-Carolina,19761,2099
Los Angeles Film School,31632,1979
International Baptist College and Seminary,39556,1707
University of Connecticut-Waterbury Campus,73997,197
University of Connecticut-Avery Point,73997,197
University of Connecticut-Stamford,73997,197
University of Management and Technology,68530,286
Brookline College-Tucson,29576,2013
American InterContinental University-Atlanta,36144,1865
Cascadia College,54133,856
CBD College,37237,1819
The King's University,41471,1598
Pacific Islands University,20902,2094
PCI College,36141,1868
Atenas University,20231,2096
Pillar College,45577,1356
Oregon State University-Cascades Campus,64010,380
Smith Chason College,58004,649
American Institute of Alternative Medicine,40805,1630
Universidad Pentecostal Mizpa,21410,2088
Nevada State University,53166,916
California State University-Channel Islands,62152,463
Franklin W Olin College of Engineering,129455,5
Saint Joseph's University - Lancaster,86881,84
St Louis College of Health Careers-Fenton,32217,1969
University of Arkansas Grantham,63496,396
University of the Potomac-VA Campus,34961,1904
Pacific College of Health and Science,26209,2046
Faith International University,51006,1038
West Coast University-Texas,102672,24
Williamson Christian College,37474,1809
DigiPen Institute of Technology,79878,131
Dewey University-Hato Rey,19761,2099
InterCoast Colleges-West Covina,36089,1869
Miller-Motte College-Chattanooga,31102,1990
Strayer University-Tennessee,40092,1672
Strayer University-Pennsylvania,40092,1672
Brookline College-Albuquerque,29576,2013
ATI College-Whittier,38938,1741
Baptist University of the Americas,37709,1802
Nightingale College,27126,2036
American InterContinental University System,36144,1865
American InterContinental University-Houston,36144,1865
University of California-Merced,64368,371
Central Methodist University-College of Graduate and Extended Studies,48991,1145
Neumont College of Computer Science,97827,35
Johnson & Wales University-Charlotte,43418,1479
Ave Maria University,49520,1112
Cambridge College of Healthcare & Technology,28190,2030
ATA Career Education,34577,1914
Ecclesia College,40650,1646
Los Angeles College of Music,31758,1975
SAE Institute of Technology-Nashville,39544,1708
Stanbridge University,62144,464
Uta Mesivta of Kiryas Joel,31853,1974
Harrisburg University of Science and Technology,52374,953
Daytona College,26422,2042
Joyce University of Nursing and Health Sciences,49841,1088
Eagle Gate College-Layton,37518,1807
Georgia Gwinnett College,47730,1223
California Career College,51684,1004
SUM Bible College and Theological Seminary,35418,1890
Strayer University-Florida,40092,1672
Dewey University-Juana Diaz,19761,2099
American Public University System,44409,1431
Gnomon,114785,12
Visible Music College,35933,1873
South University-Tampa,34421,1919
Strayer University-Alabama,40092,1672
Rasmussen University-Wisconsin,39080,1729
Columbia Southern University,63534,395
Miami Regional University,29081,2021
Yeshivas Be'er Yitzchok,82560,115
Yeshiva Toras Chaim,62526,450
Talmudical Seminary of Bobov,22432,2085
Southwest University at El Paso,29648,2011
Bryant & Stratton College-Wauwatosa,32568,1958
Remington College-Shreveport Campus,31349,1987
ATA College-Cincinnati,34577,1914
Galen College of Nursing-Cincinnati,61480,490
Strayer University-North Carolina,40092,1672
Strayer University-New Jersey,40092,1672
Chamberlain University-Illinois,92405,51
Chamberlain University-Ohio,92405,51
Chamberlain University-Arizona,92405,51
Ottawa University-Online,55552,769
Laurus College,30896,1994
Cambridge College of Healthcare & Technology,47792,1220
The Chicago School at Los Angeles,56899,702
Providence Christian College,46264,1309
Polytechnic University of Puerto Rico-Miami,47540,1233
Polytechnic University of Puerto Rico-Orlando,47540,1233
Strayer University-West Virginia,40092,1672
University of Minnesota-Rochester,69020,273
Homestead Schools,59398,576
Chamberlain University-Florida,92405,51
Angeles College,49108,1139
University of Fort Lauderdale,38062,1787
Pacific Rim Christian University,40523,1653
City Vision University,21123,2090
West Coast University-Anaheim-Orange County,102672,24
West Coast University-Ontario,102672,24
Strayer University-Georgia,40092,1672
Strayer University-Mississippi,40092,1672
Strayer University-South Carolina,40092,1672
Strayer University-Texas,40092,1672
Unitek College,79550,133
Gurnick Academy of Medical Arts,66844,320
South University-Richmond,34421,1919
South University-Virginia Beach,34421,1919
Touro University Worldwide,40803,1631
Herzing University-Kenosha,36909,1831
Herzing University-Brookfield,36909,1831
Texas A&M University-San Antonio,54338,842
Strayer University-Global Region,40092,1672
Johnson & Wales University-Online,43418,1479
Chamberlain University-Virginia,92405,51
Crestpoint University,42269,1551
Carolina College of Biblical Studies,24581,2064
New York Film Academy,29633,2012
American Medical Sciences Center,29972,2006
John Paul the Great Catholic University,56930,697
University of Connecticut-Hartford Campus,73997,197
Ottawa University-Surprise,55552,769
Chamberlain University-Missouri,92405,51
Chamberlain University-Texas,92405,51
Dewey University-Manati,19761,2099
South University-Savannah Online,34421,1919
Criswell College,43185,1498
Chamberlain University-Georgia,92405,51
Chamberlain University-Indiana,92405,51
Be'er Yaakov Talmudic Seminary,17360,2105
Pennsylvania State University-World Campus,63435,400
South University-Austin,34421,1919
Bryant & Stratton College-Online,32568,1958
Platt College-Riverside,40669,1640
Rasmussen University-Kansas,39080,1729
Augusta University,48472,1174
Middle Georgia State University,40863,1629
DeVry College of New York,45987,1323
DeVry University-Arizona,45987,1323
DeVry University-California,45987,1323
DeVry University-Florida,45987,1323
DeVry University-Georgia,45987,1323
DeVry University-Illinois,45987,1323
DeVry University-Nevada,45987,1323
DeVry University-New Jersey,45987,1323
DeVry University-Ohio,45987,1323
DeVry University-Texas,45987,1323
DeVry University-Virginia,45987,1323
University of North Georgia,50135,1073
South Georgia State College,35697,1880
Arizona State University Digital Immersion,62668,445
University of Florida-Online,71588,233
University of Phoenix-Arizona,37752,1800
Georgia Military College,39257,1720
West Coast University-Miami,102672,24
Kennesaw State University,57552,665
Milligan University,46641,1288
Chamberlain University-Nevada,92405,51
Chamberlain University-Michigan,92405,51
Chamberlain University-New Jersey,92405,51
Arizona College of Nursing-Las Vegas,34657,1911
Husson University,45025,1399
Northwest University-Center for Online and Extended Education,54914,809
Indiana Wesleyan University-National & Global,59986,548
Purdue University Global,36596,1851
Carolina University,32864,1951
Purdue University Northwest,48318,1187
Platt College-Anaheim,40669,1640
EDP University of Puerto Rico-Villalba,22844,2077
Drury University-College of Continuing Professional Studies,40694,1635
Indiana Institute of Technology-College of Professional Studies,47327,1249
Evangel University-College of Online Learning,46573,1292
Commonwealth University of Pennsylvania,52416,950
Pennsylvania Western University,47295,1252
